{
    "rmse": 0.7494524552234162,
    "mae": 0.6052364709806461,
    "r2": 0.14051423628001547
}